{
    "info": {
        "_postman_id": "maritime-billetterie-api",
        "name": "Maritime Billetterie API",
        "description": "Collection complète des endpoints API pour la plateforme de billetterie maritime",
        "schema": "https://schema.getpostman.com/json/collection/v2.1.0/collection.json"
    },
    "item": [
        {
            "name": "Auth",
            "item": [
                {
                    "name": "Register",
                    "request": {
                        "method": "POST",
                        "header": [
                            {
                                "key": "Content-Type",
                                "value": "application/json"
                            },
                            {
                                "key": "Accept",
                                "value": "application/json"
                            }
                        ],
                        "body": {
                            "mode": "raw",
                            "raw": "{\n  \"name\": \"Jean Dupont\",\n  \"email\": \"jean@example.com\",\n  \"password\": \"password123\",\n  \"password_confirmation\": \"password123\",\n  \"phone\": \"+221771234567\"\n}"
                        },
                        "url": {
                            "raw": "{{base_url}}/auth/register",
                            "host": [
                                "{{base_url}}"
                            ],
                            "path": [
                                "auth",
                                "register"
                            ]
                        }
                    }
                },
                {
                    "name": "Login",
                    "event": [
                        {
                            "listen": "test",
                            "script": {
                                "exec": [
                                    "if (pm.response.code === 200) {",
                                    "    var jsonData = pm.response.json();",
                                    "    pm.environment.set(\"auth_token\", jsonData.token);",
                                    "}"
                                ]
                            }
                        }
                    ],
                    "request": {
                        "method": "POST",
                        "header": [
                            {
                                "key": "Content-Type",
                                "value": "application/json"
                            },
                            {
                                "key": "Accept",
                                "value": "application/json"
                            }
                        ],
                        "body": {
                            "mode": "raw",
                            "raw": "{\n  \"email\": \"jean@example.com\",\n  \"password\": \"password123\"\n}"
                        },
                        "url": {
                            "raw": "{{base_url}}/auth/login",
                            "host": [
                                "{{base_url}}"
                            ],
                            "path": [
                                "auth",
                                "login"
                            ]
                        }
                    }
                },
                {
                    "name": "Get My Profile",
                    "request": {
                        "auth": {
                            "type": "bearer",
                            "bearer": [
                                {
                                    "key": "token",
                                    "value": "{{auth_token}}",
                                    "type": "string"
                                }
                            ]
                        },
                        "method": "GET",
                        "header": [
                            {
                                "key": "Accept",
                                "value": "application/json"
                            }
                        ],
                        "url": {
                            "raw": "{{base_url}}/auth/me",
                            "host": [
                                "{{base_url}}"
                            ],
                            "path": [
                                "auth",
                                "me"
                            ]
                        }
                    }
                },
                {
                    "name": "Update Profile",
                    "request": {
                        "auth": {
                            "type": "bearer",
                            "bearer": [
                                {
                                    "key": "token",
                                    "value": "{{auth_token}}",
                                    "type": "string"
                                }
                            ]
                        },
                        "method": "PUT",
                        "header": [
                            {
                                "key": "Content-Type",
                                "value": "application/json"
                            },
                            {
                                "key": "Accept",
                                "value": "application/json"
                            }
                        ],
                        "body": {
                            "mode": "raw",
                            "raw": "{\n  \"name\": \"Jean Dupont Updated\",\n  \"phone\": \"+221779999999\"\n}"
                        },
                        "url": {
                            "raw": "{{base_url}}/user/profile",
                            "host": [
                                "{{base_url}}"
                            ],
                            "path": [
                                "user",
                                "profile"
                            ]
                        }
                    }
                },
                {
                    "name": "Logout",
                    "request": {
                        "auth": {
                            "type": "bearer",
                            "bearer": [
                                {
                                    "key": "token",
                                    "value": "{{auth_token}}",
                                    "type": "string"
                                }
                            ]
                        },
                        "method": "POST",
                        "header": [
                            {
                                "key": "Accept",
                                "value": "application/json"
                            }
                        ],
                        "url": {
                            "raw": "{{base_url}}/auth/logout",
                            "host": [
                                "{{base_url}}"
                            ],
                            "path": [
                                "auth",
                                "logout"
                            ]
                        }
                    }
                }
            ]
        },
        {
            "name": "Routes",
            "item": [
                {
                    "name": "List All Routes",
                    "request": {
                        "method": "GET",
                        "header": [
                            {
                                "key": "Accept",
                                "value": "application/json"
                            }
                        ],
                        "url": {
                            "raw": "{{base_url}}/routes",
                            "host": [
                                "{{base_url}}"
                            ],
                            "path": [
                                "routes"
                            ]
                        }
                    }
                },
                {
                    "name": "Get Route Details",
                    "request": {
                        "method": "GET",
                        "header": [
                            {
                                "key": "Accept",
                                "value": "application/json"
                            }
                        ],
                        "url": {
                            "raw": "{{base_url}}/routes/:route_id",
                            "host": [
                                "{{base_url}}"
                            ],
                            "path": [
                                "routes",
                                ":route_id"
                            ],
                            "variable": [
                                {
                                    "key": "route_id",
                                    "value": "1"
                                }
                            ]
                        }
                    }
                }
            ]
        },
        {
            "name": "Trips",
            "item": [
                {
                    "name": "Search Trips",
                    "request": {
                        "method": "GET",
                        "header": [
                            {
                                "key": "Accept",
                                "value": "application/json"
                            }
                        ],
                        "url": {
                            "raw": "{{base_url}}/trips?route_id=1&date=2025-01-15",
                            "host": [
                                "{{base_url}}"
                            ],
                            "path": [
                                "trips"
                            ],
                            "query": [
                                {
                                    "key": "route_id",
                                    "value": "1"
                                },
                                {
                                    "key": "date",
                                    "value": "2025-01-15"
                                },
                                {
                                    "key": "min_capacity",
                                    "value": "10",
                                    "disabled": true
                                }
                            ]
                        }
                    }
                },
                {
                    "name": "Get Trip Details",
                    "request": {
                        "method": "GET",
                        "header": [
                            {
                                "key": "Accept",
                                "value": "application/json"
                            }
                        ],
                        "url": {
                            "raw": "{{base_url}}/trips/:trip_id",
                            "host": [
                                "{{base_url}}"
                            ],
                            "path": [
                                "trips",
                                ":trip_id"
                            ],
                            "variable": [
                                {
                                    "key": "trip_id",
                                    "value": ""
                                }
                            ]
                        }
                    }
                },
                {
                    "name": "Calculate Pricing",
                    "request": {
                        "method": "POST",
                        "header": [
                            {
                                "key": "Content-Type",
                                "value": "application/json"
                            },
                            {
                                "key": "Accept",
                                "value": "application/json"
                            }
                        ],
                        "body": {
                            "mode": "raw",
                            "raw": "{\n  \"route_id\": 1,\n  \"passengers\": [\n    {\n      \"type\": \"adult\",\n      \"nationality_group\": \"national\"\n    },\n    {\n      \"type\": \"child\",\n      \"nationality_group\": \"national\"\n    },\n    {\n      \"type\": \"baby\",\n      \"nationality_group\": \"national\"\n    }\n  ]\n}"
                        },
                        "url": {
                            "raw": "{{base_url}}/pricing",
                            "host": [
                                "{{base_url}}"
                            ],
                            "path": [
                                "pricing"
                            ]
                        }
                    }
                }
            ]
        },
        {
            "name": "Bookings",
            "item": [
                {
                    "name": "List My Bookings",
                    "request": {
                        "auth": {
                            "type": "bearer",
                            "bearer": [
                                {
                                    "key": "token",
                                    "value": "{{auth_token}}",
                                    "type": "string"
                                }
                            ]
                        },
                        "method": "GET",
                        "header": [
                            {
                                "key": "Accept",
                                "value": "application/json"
                            }
                        ],
                        "url": {
                            "raw": "{{base_url}}/bookings",
                            "host": [
                                "{{base_url}}"
                            ],
                            "path": [
                                "bookings"
                            ]
                        }
                    }
                },
                {
                    "name": "Create Booking",
                    "event": [
                        {
                            "listen": "test",
                            "script": {
                                "exec": [
                                    "if (pm.response.code === 201) {",
                                    "    var jsonData = pm.response.json();",
                                    "    pm.environment.set(\"booking_id\", jsonData.booking.id);",
                                    "}"
                                ]
                            }
                        }
                    ],
                    "request": {
                        "auth": {
                            "type": "bearer",
                            "bearer": [
                                {
                                    "key": "token",
                                    "value": "{{auth_token}}",
                                    "type": "string"
                                }
                            ]
                        },
                        "method": "POST",
                        "header": [
                            {
                                "key": "Content-Type",
                                "value": "application/json"
                            },
                            {
                                "key": "Accept",
                                "value": "application/json"
                            }
                        ],
                        "body": {
                            "mode": "raw",
                            "raw": "{\n  \"trip_id\": \"put-trip-uuid-here\",\n  \"payment_method\": \"orange_money\",\n  \"passengers\": [\n    {\n      \"name\": \"Jean Dupont\",\n      \"type\": \"adult\",\n      \"nationality_group\": \"national\"\n    },\n    {\n      \"name\": \"Marie Dupont\",\n      \"type\": \"child\",\n      \"nationality_group\": \"national\"\n    }\n  ]\n}"
                        },
                        "url": {
                            "raw": "{{base_url}}/bookings",
                            "host": [
                                "{{base_url}}"
                            ],
                            "path": [
                                "bookings"
                            ]
                        }
                    }
                },
                {
                    "name": "Get Booking Details",
                    "request": {
                        "auth": {
                            "type": "bearer",
                            "bearer": [
                                {
                                    "key": "token",
                                    "value": "{{auth_token}}",
                                    "type": "string"
                                }
                            ]
                        },
                        "method": "GET",
                        "header": [
                            {
                                "key": "Accept",
                                "value": "application/json"
                            }
                        ],
                        "url": {
                            "raw": "{{base_url}}/bookings/:booking_id",
                            "host": [
                                "{{base_url}}"
                            ],
                            "path": [
                                "bookings",
                                ":booking_id"
                            ],
                            "variable": [
                                {
                                    "key": "booking_id",
                                    "value": "{{booking_id}}"
                                }
                            ]
                        }
                    }
                }
            ]
        },
        {
            "name": "Health Check",
            "request": {
                "method": "GET",
                "header": [
                    {
                        "key": "Accept",
                        "value": "application/json"
                    }
                ],
                "url": {
                    "raw": "{{base_url}}/health",
                    "host": [
                        "{{base_url}}"
                    ],
                    "path": [
                        "health"
                    ]
                }
            }
        }
    ],
    "variable": [
        {
            "key": "base_url",
            "value": "http://127.0.0.1:8000/api",
            "type": "string"
        },
        {
            "key": "auth_token",
            "value": "",
            "type": "string"
        },
        {
            "key": "booking_id",
            "value": "",
            "type": "string"
        }
    ]
}